{"cameraMode":{"drawMode":0,"name":"Shaded","section":"Shading Mode"},"sceneLighting":true,"audioPlay":false,"sceneViewState":{"showFog":true,"showMaterialUpdate":true,"showSkybox":true,"showFlares":true,"showImageEffects":true,"showParticleSystems":true},"in2DMode":false,"pivot":{"x":12.010627746582032,"y":7.5108795166015629,"z":-6.990012168884277},"rotation":{"x":0.20637263357639314,"y":-0.7202935218811035,"z":0.24094513058662415,"w":0.6169382333755493},"size":11.231266021728516,"orthographic":false}